"","Mean","Median","SD"
"1",18.8133333333333,19.25,7.64931517188761
